901;DEM PRESTA
901_next;DEM PRESTA
902;DEMANDE RENTE
902_next;DEMANDE RENTE SUITE
903;LETTRE BENEFICIAIRE
903_next;LETTRE BENEFICIAIRE SUITE
904;QUITTANCE RGLT
904_next;QUITTANCE RGLT SUITE
905;ATTES HONNEUR
905_next;ATTES HONNEUR SUITE
906;CERFA 2705
906_next;CERFA 2705 SUITE
907;AUTO PAIEMENT
907_next;AUTO PAIEMENT SUITE
908;CERFA 2738
908_next;CERFA 2738 SUITE
909;MANDAT NOTAIRE
909_next;MANDAT NOTAIRE SUITE
910;RIB
910_next;RIB
912;MANIF AYANT DROIT
912_next;MANIF AYANT DROIT
913;ACTE NOTORIETE
913_next;ACTE NOTORIETE SUITE
914;CERTIF HEREDITE
914_next;CERTIF HEREDITE SUITE
915;DEVOLUTION SUCC
915_next;DEVOLUTION SUCC SUITE
916;FACTURE
916_next;FACTURE SUITE
917;AR HERITIERS
917_next;AR HERITIERS SUITE
918;DESIGN NOTAIRE
918_next;DESIGN NOTAIRE SUITE
919;INSTRUCT NOTAIRE
919_next;INSTRUCT NOTAIRE SUITE
920;DIVERS
920_next;DIVERS SUITE
921;JUGEMENT DIVORCE
921_next;JUGEMENT DIVORCE SUITE
922;LIVRET FAMILLE
922_next;LIVRET FAMILLE SUITE
923;RENONCIATION
923_next;RENONCIATION SUITE
924;CARTE SEJOUR
924_next;CARTE SEJOUR SUITE
925;CNI
925_next;CNI SUITE
926;PASSEPORT
926_next;PASSEPORT
927;DELIBERA SOCIETE
927_next;DELIBERA SOCIETE SUITE
928;ACTE NAISSANCE
928_next;ACTE NAISSANCE
929;ORD JUGE TUTELLE
929_next;ORD JUGE TUTELLE SUITE
930;AVIS
930_next;AVIS SUITE
932;MANDAT GESTION
932_next;MANDAT GESTION SUITE
933;STATUT ASSOC
933_next;STATUT ASSOC SUITE
934;ACTE DECES
934_next;ACTE DECES
